INSERT INTO USERS (ID, USERNAME, PASSWORD, ROLE) VALUES (-1, 'admin', 'PBKDF2WithHmacSHA256:2048:McY8GmR3k1PjMwJQE97wYxbdCuJ2f7bBfwiNlOMT2Bc=:qnB+F68kaLGTITEiYfg8s+7+L1/5AKbiWgkKC4g2VKE=', 'ADMIN');
INSERT INTO USERS (ID, USERNAME, PASSWORD, ROLE) VALUES (-2, 'user1', 'PBKDF2WithHmacSHA256:2048:McY8GmR3k1PjMwJQE97wYxbdCuJ2f7bBfwiNlOMT2Bc=:qnB+F68kaLGTITEiYfg8s+7+L1/5AKbiWgkKC4g2VKE=', 'USER');
INSERT INTO USERS (ID, USERNAME, PASSWORD, ROLE) VALUES (-3, 'user2', 'PBKDF2WithHmacSHA256:2048:McY8GmR3k1PjMwJQE97wYxbdCuJ2f7bBfwiNlOMT2Bc=:qnB+F68kaLGTITEiYfg8s+7+L1/5AKbiWgkKC4g2VKE=', 'USER');
INSERT INTO USERS (ID, USERNAME, PASSWORD, ROLE) VALUES (-4, 'user3', 'PBKDF2WithHmacSHA256:2048:McY8GmR3k1PjMwJQE97wYxbdCuJ2f7bBfwiNlOMT2Bc=:qnB+F68kaLGTITEiYfg8s+7+L1/5AKbiWgkKC4g2VKE=', 'USER');
INSERT INTO EVENTS (ID, USER_ID, NAME, DATE, TIME, DESCRIPTION, AGENDA, STATUS) VALUES (101, -2, 'C.T.Co Garden Party 2018',  '08/10/2018', '5:00pm', 'description', 'agenda', 'OPEN');
INSERT INTO EVENTS (ID, USER_ID, NAME, DATE, TIME, DESCRIPTION, AGENDA, STATUS) VALUES (102, -3, 'Fathers day',  '09/09/2018', '6:00pm', 'description', 'agenda', 'OPEN');
INSERT INTO EVENTS (ID, USER_ID, NAME, DATE, TIME, DESCRIPTION, AGENDA, STATUS) VALUES (103, -4, 'Kicker Championship 2018',  '08/31/2018', '7:00pm', 'description', 'agenda', 'OPEN');
INSERT INTO POLLS (ID, EVENTID, QUESTION, ISFEEDBACK) VALUES (-4, 101, 'How would you rate the Bermūdu Divstūris performance?', FALSE);
INSERT INTO ANSWERS (ID, TEXT, POLL_ID, COUNTER) VALUES (-18, 'Great! I liked it', -4, 0);
INSERT INTO ANSWERS (ID, TEXT, POLL_ID, COUNTER) VALUES (-19, 'It was OK', -4, 0);
INSERT INTO ANSWERS (ID, TEXT, POLL_ID, COUNTER) VALUES (-20, 'I didn''t like it', -4, 0);
INSERT INTO POLLS (ID, EVENTID, QUESTION, ISFEEDBACK) VALUES (-5, 101, 'How would you rate the hookah?', FALSE);
INSERT INTO ANSWERS (ID, TEXT, POLL_ID, COUNTER) VALUES (-21, 'Great! I liked it', -5, 0);
INSERT INTO ANSWERS (ID, TEXT, POLL_ID, COUNTER) VALUES (-22, 'It was OK', -5, 0);
INSERT INTO ANSWERS (ID, TEXT, POLL_ID, COUNTER) VALUES (-23, 'I didn''t like it', -5, 0);
INSERT INTO ANSWERS (ID, TEXT, POLL_ID, COUNTER) VALUES (-24, 'Didn''t try it', -5, 0);
INSERT INTO POLLS (ID, EVENTID, QUESTION, ISFEEDBACK) VALUES (-6, 101, 'How would you rate the molecular mixology?', FALSE);
INSERT INTO ANSWERS (ID, TEXT, POLL_ID, COUNTER) VALUES (-25, 'Great! I liked it', -6, 0);
INSERT INTO ANSWERS (ID, TEXT, POLL_ID, COUNTER) VALUES (-26, 'It was OK', -6, 0);
INSERT INTO ANSWERS (ID, TEXT, POLL_ID, COUNTER) VALUES (-27, 'I didn''t like it', -6, 0);
INSERT INTO ANSWERS (ID, TEXT, POLL_ID, COUNTER) VALUES (-28, 'Didn''t try it', -6, 0);
INSERT INTO POLLS (ID, EVENTID, QUESTION, ISFEEDBACK) VALUES (-7, 101, 'How would you rate the Tangoriginales (aka "Vilensky trio") performance?', FALSE);
INSERT INTO ANSWERS (ID, TEXT, POLL_ID, COUNTER) VALUES (-29, 'Great! I liked it', -7, 0);
INSERT INTO ANSWERS (ID, TEXT, POLL_ID, COUNTER) VALUES (-30, 'It was OK', -7, 0);
INSERT INTO ANSWERS (ID, TEXT, POLL_ID, COUNTER) VALUES (-31, 'I didn''t like it', -7, 0);
INSERT INTO POLLS (ID, EVENTID, QUESTION, ISFEEDBACK) VALUES (-8, 101, 'How would you rate the selection of food and drinks?', FALSE);
INSERT INTO ANSWERS (ID, TEXT, POLL_ID, COUNTER) VALUES (-32, 'Great! I liked it', -8, 0);
INSERT INTO ANSWERS (ID, TEXT, POLL_ID, COUNTER) VALUES (-33, 'It was OK', -8, 0);
INSERT INTO ANSWERS (ID, TEXT, POLL_ID, COUNTER) VALUES (-34, 'I didn''t like it', -8, 0);
INSERT INTO POLLS (ID, EVENTID, QUESTION, ISFEEDBACK) VALUES (-3, 101, 'Did you like the format (garden party) of the summer event this year?', FALSE);
INSERT INTO ANSWERS (ID, TEXT, POLL_ID, COUNTER) VALUES (-15, 'This format great! I liked it. It is better then previous events', -3, 0);
INSERT INTO ANSWERS (ID, TEXT, POLL_ID, COUNTER) VALUES (-16, 'The format is not important for me', -3, 0);
INSERT INTO ANSWERS (ID, TEXT, POLL_ID, COUNTER) VALUES (-17, 'We should stick to the previous format (summer sports games with families)', -3, 0);
INSERT INTO POLLS (ID, EVENTID, QUESTION, ISFEEDBACK) VALUES (-2, 101, 'How would you rate the place chosen for this event?', FALSE);
INSERT INTO ANSWERS (ID, TEXT, POLL_ID, COUNTER) VALUES (-12, 'Great! I liked it', -2, 0);
INSERT INTO ANSWERS (ID, TEXT, POLL_ID, COUNTER) VALUES (-13, 'It was OK', -2, 0);
INSERT INTO ANSWERS (ID, TEXT, POLL_ID, COUNTER) VALUES (-14, 'Didn''t like it. We should change it to something else', -2, 0);
INSERT INTO POLLS (ID, EVENTID, QUESTION, ISFEEDBACK) VALUES (-1, 101, 'How would you rate Garden Party 2018 overall?', FALSE);
INSERT INTO ANSWERS (ID, TEXT, POLL_ID, COUNTER) VALUES (-9, 'Great! I liked it', -1, 0);
INSERT INTO ANSWERS (ID, TEXT, POLL_ID, COUNTER) VALUES (-10, 'It was OK', -1, 0);
INSERT INTO ANSWERS (ID, TEXT, POLL_ID, COUNTER) VALUES (-11, 'I didn''t like it', -1, 0);